0.1714565	0.5778205	0.13143241	-0.73545295	-0.19801489	-0.446469	-0.6313319	-0.8388562	-1.256347	-0.22632818	-1.1144826	-1.1768599	-1.0774138	-1.2004588	0.94518423
-0.38377634	-0.62434214	-0.5039196	0.25636205	-0.2164762	0.79775894	0.48788866	0.99067223	-0.058252867	0.36847305	-0.42041603	0.8120033	0.17458996	-0.08730732	-0.45275256
-0.12666959	0.3004156	-0.14335816	0.33952624	0.734293	-0.77459323	-0.812878	0.15459628	-0.4273382	-0.19660418	-0.39937738	-0.27026123	-0.43435693	-0.9755748	0.4662535
-0.6957419	0.80907416	0.8273179	-0.6309795	0.29798013	-0.019182948	-0.3002395	0.00030669608	-0.63821065	-0.027384194	-0.4157787	-0.73519295	-0.117039494	-0.55891466	0.084193
0.27426443	0.2716496	0.7994799	-0.35679513	0.35168305	-0.24155362	0.0547189	0.36864057	0.20387623	0.25081286	-0.28076494	-0.15774329	-0.116378516	-0.35579517	0.4392363
0.7292406	-0.62142104	-0.93094134	0.6571738	-0.3235283	-0.12947871	0.14719068	1.2078674	-0.6643004	0.832054	-0.37917522	-0.23237805	0.16449985	-0.38402307	-0.042483166
0.09982813	0.41164097	-0.62446946	0.5139866	0.47057387	-0.046196762	0.29597464	0.8629416	0.24566679	0.3853639	0.1855284	0.7396687	0.122793436	0.041878752	-0.7237659
0.40769082	0.37569892	0.009231708	-0.00093172205	0.8792636	-0.3768071	-0.5821244	0.057938334	-0.83539516	0.03061806	-1.4335335	-0.76977324	-0.6086961	-1.2881975	0.69641185
-0.729509	-0.85026926	0.59112614	-0.5631757	-0.048077766	0.2780094	-0.3842773	-1.4087951	0.33357465	-0.6112386	0.30828074	0.7229286	0.60171866	0.40309814	-0.3872127
-0.06182556	0.37033305	0.027358029	0.1462222	-0.014676423	-0.49849993	-0.15432732	-0.52431256	0.30089128	-0.059013486	0.04689106	-0.20856737	0.008586499	-0.19762766	-0.024799991
0.75955564	-0.004312165	0.31997836	-0.4810291	-1.0270274	-0.022102127	-0.35017577	-0.0068164035	-1.8380119	-0.23145437	-1.7391441	-1.9337417	-0.53472805	-0.20988922	2.5301106
-0.38452017	0.2300444	0.2633912	0.17110808	0.53456616	-0.13166347	-0.6262936	-0.4963541	-0.3169887	-0.781876	-0.625017	-0.00049571745	-0.615599	-0.2439045	0.78888386
0.20799437	1.1442364	0.68534786	-0.5889946	-0.37432724	-0.2515055	0.21299876	-0.75455225	-0.73295367	-0.13993193	-0.8833758	-0.88963753	-1.0071973	-0.8037686	1.3092643
-0.64947	-0.1594701	-0.3464531	-0.51365775	-0.35607103	0.15810041	-0.35846534	-0.7421495	-0.04996273	-0.25481942	-0.5939529	0.19687764	0.108862884	0.26673958	0.2588936
-0.34374368	0.72206336	-0.52828324	-0.67709506	0.76470417	0.5006349	-0.8549162	-0.08018591	0.051281523	0.10135246	-0.4768451	0.056134123	-0.6467202	-0.32576093	-0.3127237
0.57879645	-0.51798415	-0.13605292	-0.21131228	-1.0338564	0.3205271	-0.49890572	-0.021444377	-1.1377342	0.08328627	-0.82700145	-2.0799916	0.24874203	0.39846876	1.3451141
0.50998116	-0.2673251	0.111087956	0.048091903	-1.2930242	0.32062224	-0.48154122	-0.06280013	-1.2181981	0.17569713	-1.0525782	-2.0434697	0.031157998	0.48167253	1.2735311
0.6642822	-0.62334484	-0.051674206	-0.1602774	-1.0658708	0.36667016	-0.43762955	0.038040288	-1.1588491	0.29406977	-0.98765135	-2.0099144	0.38157266	0.36367267	1.1241206
0.5713519	-0.37722477	0.15396051	-0.43728328	-1.0724928	0.10132655	-0.2408787	0.096990004	-1.4078517	0.23602983	-1.10822	-1.9047579	0.30162832	0.395334	1.0556538
0.6514366	-0.75399804	-0.026632821	-0.03567304	-0.8349091	0.4223475	-0.06938161	0.20835663	-0.88834	0.42079082	-1.1997344	-2.1848538	0.5036676	0.34071097	0.68053
0.55263007	-0.390347	0.053918563	-0.10813917	-1.2780011	0.29074037	-0.27824378	-0.033683673	-1.1316177	0.11751658	-0.9004466	-2.1296062	0.07512533	0.40837833	1.3088329
0.21382174	0.5431025	0.07033061	-1.9186842	-0.5528915	0.07940708	-0.5276405	-0.96862525	-1.3499243	-0.15130898	-1.2397696	-1.6700474	-0.9118102	-1.225402	2.0382676
0.011987471	0.925879	0.2938884	-1.0620878	-0.060163613	0.45119014	-0.7912546	-0.6611301	-0.20298725	-0.2544649	-0.7976267	-0.9203057	-1.3874073	-0.43564653	1.3067819
0.67821056	-0.16344361	-0.3992157	-0.08661594	-0.95877564	0.41002926	-0.3139209	1.5401431	-0.32268384	-0.016340733	-0.7839432	0.2556241	-0.62585145	-0.8491662	-0.16722351
0.12281316	0.05764244	-0.5936559	0.025559612	0.6169621	-0.7709554	-0.1586689	0.2692634	-0.34009054	0.45202684	-0.15481421	0.3727999	-0.88557476	-0.76507115	-0.20047918
0.74044883	-0.25859362	-1.0922889	0.20129524	-0.6083549	-0.02120326	-0.7049649	0.50365746	-0.7204483	-0.14255348	-0.95383847	-0.18354043	-0.67637223	-0.86896014	0.11364202
-0.0836047	0.8348898	0.14413205	-1.1487103	-0.31979722	0.3165158	-0.4410637	-0.9588834	-0.8490621	-0.5266773	-0.42025885	-1.1799723	-1.1952589	-0.59136146	1.5177344
0.07591551	0.13423662	0.4116207	-0.4250774	0.91307884	-0.6560715	-0.40395892	0.07072101	-0.8287199	0.008833804	-0.7631254	-0.6829874	-0.69086796	-1.267018	0.5028447
-0.88502336	0.15871266	-0.12754525	-1.3355966	0.19765162	0.55939317	-0.58667606	-0.5010014	0.4215679	-0.3212894	-0.15187478	-0.18128978	0.73885864	0.15417796	0.559673
0.7673226	-0.12492198	0.072211705	0.117570095	0.60753727	-0.2302141	0.18872896	0.71091163	-0.09283808	0.4751592	0.116551496	-0.30242804	-0.46918243	-0.20132789	0.47813258
-0.035368215	-0.027496563	-0.6045865	0.17247532	-0.22044386	0.29100147	0.2053509	0.6367846	0.3332915	0.5997193	0.35384154	0.16136338	0.3049128	-0.40482497	-0.12567139
0.25978577	0.26556194	0.14753793	0.34346795	0.14078388	-0.45731196	0.10707275	0.25964496	0.08964823	0.110469244	0.09136391	-0.19454698	-0.20611276	-0.37024474	-0.48527744
-0.2289717	-0.20474985	-0.5804668	-0.16365796	-0.6298057	-0.16208035	-0.8111102	-0.8192585	-0.56217945	-0.31048962	-0.7063383	0.020264227	0.4116503	0.42004135	0.49779722
-0.61826026	0.5354653	0.5740357	-0.4588123	0.7649707	-0.37245506	-0.71381736	-0.014061276	-0.14690855	-0.22792995	-0.4259413	-0.36953384	-0.24304196	-0.13007611	0.9079383
-0.76881814	-0.5641268	-0.6212355	-0.29106218	-0.42972922	-0.48894572	-0.5294488	-0.8109753	-0.29653358	-0.30245236	-0.53693503	0.22235468	0.47230467	-0.18563755	0.08348455
-0.28655368	0.9880536	0.4799425	-0.49456146	0.83498365	0.3068084	-0.13070597	-0.5583649	-0.14346416	-0.5011396	-0.44567522	-0.8668838	-0.7007586	-0.19130324	1.0574757
-0.90689224	0.061895907	-0.5114308	-0.5828345	0.10074882	0.5420707	-0.44968197	-0.9159992	-0.23514438	-0.8797172	-0.9681653	0.22189909	0.12080027	0.0351735	1.0171918
-0.6377758	0.5071192	-0.07787423	-0.9091637	-0.15655354	0.5743107	-0.25425005	-0.81487364	-0.12831567	-0.74255437	-1.002671	-0.52865076	-0.36287138	-0.16348018	1.0169404
-0.016589697	0.38638476	-0.5650623	-0.15078059	-0.124631815	0.25759086	-0.25012055	-0.79154754	-0.25557303	-0.33545575	-0.8514587	-0.5185872	-1.2066009	-0.5102851	0.14958377
-1.2854968	-0.35115144	-0.09841241	-0.4917358	0.2230587	0.37292445	-0.57725596	-1.236104	-0.37955642	-0.62592804	-0.4605368	0.04054552	-0.28903493	-0.22803341	0.83441854
0.048940312	0.9725951	0.008040105	-0.9507039	0.39644712	0.40251765	-0.99322736	-0.8974621	-0.3232996	-0.601073	-0.8476118	-0.8230342	-0.99742806	-0.6845744	1.0774394
-0.035074156	0.30510464	-0.32053822	-0.958022	0.117937125	0.28903934	-0.31236202	-0.87498266	-0.07408971	-0.31649297	-0.6031045	-0.64971316	-0.70761734	-0.62520957	0.6608984
-0.36454752	0.07040102	0.57056516	-0.20653948	0.080909885	0.14865495	0.2496655	-0.1990815	-0.1131878	-0.15480502	-0.20910369	0.22143094	-0.2048395	-0.28316358	-0.1838682
-0.3155223	-0.18130806	0.03961435	-0.11315154	-0.49117184	0.20942923	-0.19140477	-0.36572084	0.18979728	0.028557267	-0.0019836884	0.44981566	0.47935018	0.24754682	-0.21453847
-0.46176088	-0.5853945	0.30042598	-0.05819977	-0.13991137	0.54212993	-0.30290818	-0.562726	0.101381734	-0.6935295	-0.021598138	0.7997716	0.970485	0.58730364	-0.7622786
-0.6550982	-0.5175113	0.40327206	-0.30483258	0.01707934	-0.05561765	-0.8067773	-0.24027011	0.44978982	0.2787606	0.044360563	0.40583763	0.6765093	0.19663452	-0.046054214
-1.0439878	-0.7122489	0.53601974	-0.6925058	0.2755178	-0.18178546	-0.6364652	-0.9618724	-0.063720815	-0.38186106	-0.16365759	0.32965717	0.7144684	0.40164608	0.65224516
-0.41332966	-0.31645545	-0.22448005	-0.38899288	0.4174352	-0.019963847	-0.020630132	-0.31169003	0.109441616	0.13023429	-0.0004328139	0.2236353	0.389107	0.31369302	0.546015
-1.0895276	-0.7779342	0.114301525	-0.48497093	0.31357792	-0.4646	-0.12030533	-0.76596045	0.42284083	-0.28149924	0.111999035	0.33633742	0.7742428	0.90565395	0.5332379
-0.60956424	-0.39754415	0.26587975	-0.112979494	0.07707622	0.15481283	-0.20517445	-0.6868077	0.8052536	-0.28476155	-0.0037642587	0.713865	0.3669406	0.8200762	0.74924827
0.19275707	0.72230434	0.9645892	-0.57670283	-0.13640036	0.40667403	-0.31945807	-0.6580846	-0.5876277	-0.3044632	-1.2243893	-1.1046183	-1.1060773	-0.2614789	1.9586402
-0.74054915	-0.9868038	0.48096675	-0.28645954	-0.29784074	0.4852799	-0.12698404	-0.7031835	0.399985	-0.07772994	0.20294984	1.0458325	0.6444397	0.350286	-0.14038968
-0.9947469	-0.6009375	-0.6375057	-0.75846916	-0.054377034	-0.12400952	-0.8287889	-0.9840804	-0.33824185	-0.4550434	-0.36295077	-0.20522025	0.2167593	-0.30304843	0.40370575
-0.15858443	0.2808583	0.2210562	-0.2319777	0.67507404	0.60304093	-0.6713432	-0.6029141	-0.33952287	-0.61998296	-0.48913804	-0.24584775	-0.65766394	0.40556222	0.95926446
-0.92275494	-0.31775782	-0.5642086	-0.63125783	-0.111541815	-0.33924586	-0.53692496	-0.93139565	-0.22499119	-0.41019264	-0.7415682	-0.2490036	0.038127962	-0.45618248	0.5053242
-0.6161503	-0.3991776	0.5659804	-0.5900102	0.39110717	-0.20570937	-0.38455358	-0.50293446	0.87979245	0.14128353	0.10901518	0.515486	0.800449	0.5258651	0.12977862
-0.851754	0.039222434	-0.047154035	-0.9399165	0.40948394	-0.48259234	-0.55801165	-0.67111325	0.15946944	-0.090825126	-0.22871529	0.17224114	0.1804865	-0.3149632	0.31039587
-0.5073288	0.47380248	-0.21773568	-0.9090035	0.7582251	-0.7343626	-0.42331436	0.20510401	-0.5820116	0.20879766	-0.2558085	-0.583986	-0.2606093	0.05674062	0.60647017
0.7200045	0.4998329	1.1064105	-0.68097335	-0.16018663	-0.3627918	-0.65134585	-0.6796932	-0.9221982	-0.02916957	-1.3193933	-1.5308485	-0.7355232	-0.9263527	1.0615393
0.0735255	0.7047266	0.555029	-1.0772029	0.8559517	-0.07105512	-0.94867647	-0.34661078	-0.24563661	-0.00010623098	-0.95724255	-1.1541679	-0.76238763	-1.3588772	0.7931257
-0.4811366	0.6109119	0.49190968	-0.6121472	0.77950907	0.30378166	-0.98470706	-0.4308793	0.47810134	-0.3791786	-0.677437	-0.07158573	-0.5375305	0.86873376	1.0180284
-0.5058119	0.012859334	0.35561123	-0.63655645	-0.120334074	0.24933296	-0.40016776	-0.3666176	0.52849716	0.3333638	-0.040475797	0.39652914	0.44587	0.4873578	-0.58855003
-1.0158951	-0.23561539	-0.27232856	-0.08766645	-0.6593779	-0.09845823	-0.06777299	-0.7073623	0.11406917	-0.7070504	0.20261319	0.21669842	0.3529001	-0.19679601	0.43887946
0.16185427	0.8005471	0.78761244	0.06293597	0.95770085	-0.5999461	-0.54896593	0.5400307	-0.5824749	0.41849843	-0.46632993	-0.7411602	-0.6470699	-0.26866487	0.58973294
0.12408094	0.017799009	-0.80028784	0.8299947	-0.11173512	0.21172608	0.5565111	1.3548334	0.27855217	0.6093399	0.31517985	0.31250727	0.29762533	-0.120506585	-0.33731735
0.01759822	1.0510225	-0.0099481875	-0.3595918	0.34364057	-0.16161951	-0.41652054	-0.58503526	-0.1856204	-0.06688025	-0.86006016	-0.83618677	-1.1919242	-0.3064104	1.0482837
-0.45742133	0.62424964	0.5595598	-1.8726554	-0.37897864	0.55900276	-1.2285824	-0.73158664	-0.033020776	0.028203	-0.33218193	-0.9641475	-1.0434734	-0.68846047	1.3829055
0.17405568	0.34860933	-0.29907072	-0.44180903	1.0308806	-0.4894338	-0.40458912	0.22782505	-0.21816756	0.22689626	-0.3396437	-0.2194071	0.026966767	-0.6524405	0.9528477
-0.16971953	0.4659967	0.3805235	-0.93883103	0.1311803	-0.52725685	-0.65391076	-0.44766527	-0.49860495	0.12380208	-0.7521123	-1.0632585	-0.7567416	-0.6134315	1.4703251
-0.99022	-0.3918388	-0.30396518	-0.7243401	0.026648162	0.2026524	-0.68227106	-1.0160732	-0.14136845	-0.6867219	-0.6993369	-0.21826349	-0.07575566	-0.38236573	1.1984087
-0.032092508	-0.10924379	-0.38563058	0.5589193	0.22265105	-0.049884137	0.23678869	1.0094951	0.15264672	0.76177615	-0.22724657	0.22377926	0.393219	0.009207779	-0.18511596
0.40691048	-0.13307577	-0.15463185	0.09837732	-0.20126761	-0.06763116	-0.34784615	0.31124637	0.07340259	-0.19868132	0.11954202	-0.2577655	-0.14752947	-0.53443354	0.5194055
0.7851798	0.018460972	-0.2639562	0.4257331	0.51419115	-0.6163114	-0.14462602	0.49869165	-0.36275324	0.5788784	-0.22596776	-0.07413917	-0.21572389	-0.5757962	0.9850083
-0.51228154	-0.27542752	0.10510262	-0.49271247	-0.20548652	-0.4591971	-0.15753701	-0.6425879	-0.47492477	-0.299524	-0.38413784	-0.034441736	-0.29657918	0.08377371	0.25219133
-0.284314	-0.018207284	0.09264294	-0.27887067	-0.54780877	0.40842733	0.2761368	-0.45561355	0.18296833	0.33098644	0.23480542	0.54808646	0.121589825	0.8196135	-0.24848315
-0.5359898	-0.7622509	0.46497437	0.34785575	-0.040640995	0.20414142	0.17206278	-0.7185871	0.14242417	-0.8380553	-0.01677995	0.46556938	0.23102659	-0.24085006	0.3265812
-1.0701282	-0.33934933	0.73280287	-0.3452548	0.51355094	0.22143988	-0.7895312	-0.8977658	-0.11593941	-0.7178356	-0.5825089	0.2874533	0.32347006	-0.056941904	0.36004743
-0.8212458	-0.14852037	-0.679928	-0.24377544	-0.4209962	0.14660351	-0.08264382	-0.4815706	-0.4676204	-1.0169111	-0.82490015	-0.044164505	-0.19669186	-0.5019878	0.42628935
0.47199363	0.15025294	0.37364247	-0.5676266	-0.4816743	-0.12058761	0.23269998	-1.0456812	-0.71153677	-0.17098884	-1.2022319	-1.1983647	-1.2605829	-0.5796856	1.5539652
-0.8924189	0.25531983	0.2912289	-0.38660842	0.23439845	0.17181104	0.004690414	-0.23524861	-0.084896915	-0.32705683	-0.49283636	0.121418364	0.12348773	0.29313225	-0.22853173
0.57952803	0.07886567	-0.422358	0.43355605	0.63019836	-0.26367426	0.17822865	0.5494531	0.3373443	0.51226795	0.13948345	-0.35980338	0.054675277	-0.43659684	-0.008249172
-0.32971916	1.3354077	1.0126168	-1.1652925	-0.23043239	-0.12109162	-1.1353849	-0.6978669	-0.37028158	0.13797244	-1.1416066	-1.1214974	-1.0568821	-0.4891953	1.6299175
-0.044444323	1.5028205	0.2354835	-1.1615564	0.043468878	0.3304499	-0.7061607	-0.9701658	0.20638089	-0.071551055	-0.6709323	-0.92369264	-1.1980509	-0.32074884	1.672042
0.57094216	-0.015048923	-0.6360299	0.08433123	0.9653267	-0.48787248	-0.29349026	0.2676264	-0.18350215	0.21058576	0.06789965	-0.61860406	-0.70044976	-0.16591327	1.1959224
0.26329595	-0.45792708	-0.59471124	0.21843621	1.0123413	-0.63737935	-0.19549614	0.20433882	-0.15819964	0.5185918	-0.08850883	-0.47889325	-0.69728076	-0.60466546	0.8949907
-0.878083	-0.1893332	-0.97615993	-0.7441595	-0.012525109	-0.12496733	-0.6326545	-0.6664728	-0.3007566	-0.28577974	-0.7593356	-0.0029868118	0.40188766	-0.29689607	0.61861515
-0.7997346	-0.32387683	-0.6735151	-0.5411818	0.15994889	0.10003274	-0.7255103	-1.0017788	-0.09942638	-0.44182956	-0.60725677	-0.09716283	0.39054435	-0.054715324	0.04221851
-0.055201493	0.028674535	0.36355138	-0.8310893	0.5292262	0.12063735	-1.393852	-0.07310035	-0.49606296	0.28035277	-1.288591	-1.0120875	-0.763489	-0.90314865	0.4194538
-0.6515518	0.46214083	-0.26934743	0.20150122	0.31332803	-0.062062737	-0.37922898	-0.95917743	-0.073607095	-0.9228764	-0.68015337	-0.33986	-0.7975174	-0.55590785	0.4177424
-0.3651792	0.8441909	0.55564964	-1.0907602	0.7318588	0.0049699633	-1.0571685	-0.15929781	0.029775761	0.30126888	-0.9495788	-0.85890925	-0.5748103	-0.38766617	0.9096098
-0.4854905	1.0492384	0.5970304	-1.0608441	0.39731	0.053468674	-1.0648322	-0.24548994	-0.298308	0.3315774	-0.7888832	-0.95095897	-1.0250722	-0.31851053	1.4815311
-0.374214	0.8799893	0.9965663	-1.2196182	-0.26122376	0.2147414	-0.5462819	-0.55299664	-0.5932945	0.13995384	-0.8107951	-1.1531389	-1.1419514	-1.3399098	1.401249
-0.32241386	0.42417607	-0.57776284	-0.024572328	-0.28016016	-0.019265395	-0.15255073	-0.44133407	-0.625279	-0.48810428	-0.5785585	0.41685855	-0.16534118	-0.14174432	-0.22304803
-0.5605451	-0.1235221	-0.045200054	-0.3688672	-0.264117	0.5107809	-0.19654843	-0.63587683	0.4510036	-0.5874743	-0.32190475	-0.26617295	-0.19710611	-0.20401648	0.5299895
0.027634382	0.47597918	-0.10136019	0.081477985	0.60786897	-0.31364185	0.08781839	-0.232399	-0.0366503	-0.13047943	-0.086390026	-0.24025474	-0.36055893	-0.0037502705	1.3122998
0.2839485	0.08505055	1.392436	-1.0092314	0.27423704	-0.03914756	-0.91702855	0.06864214	-0.24397998	0.49555728	-0.9415291	-0.94981223	-0.56376654	-0.823643	1.128037
0.004431573	0.20345537	0.5380729	-0.4667167	1.6446475	-0.46151367	-0.39733264	0.063935384	-0.22557627	0.09973754	-0.3734351	-0.43515176	-0.6550777	-0.4195108	0.7934093
0.69884866	0.27429995	0.3913166	-0.35490945	-0.09338256	-0.5292922	-0.4444619	-0.6239667	-0.8505244	0.060937256	-1.3945148	-0.6743183	-1.2752043	-1.2806724	1.0515908
-0.4414669	0.6721768	-0.30913886	-0.8205148	0.6861122	0.3265968	-0.91195947	-0.19618823	0.14390023	0.19813494	-0.7875962	-0.48445407	-0.57179886	-0.1432599	0.6502872
0.53129166	-0.41261175	-0.23276961	0.41600093	0.95988905	-0.095607415	0.17128278	-0.12119495	0.24395461	0.7173928	0.60772663	-0.63236135	0.18149976	0.09327341	0.41917756
0.062393982	-0.16857176	-0.72772044	0.47869104	0.84769696	-0.36149794	0.17038739	0.08946436	0.23577942	0.5411762	0.49270934	-0.360571	-0.5002956	-0.03728865	0.598785
-1.0744103	0.45598313	-0.097487025	-0.4038217	0.55382836	-0.7465405	-0.846206	-0.46353862	0.3069359	-0.24119835	-0.47780287	0.35489538	-0.124915786	-0.061665136	-0.14582273
-1.2282511	-0.10028596	0.019290842	-0.4115116	-0.089284346	0.042122934	-0.8823323	-0.9588005	-0.1431606	-0.9874119	-0.5997122	0.39414147	0.09944223	-0.075395375	0.033737674
-1.0028907	0.14509095	0.19019206	-0.04265814	0.35226598	-0.4352201	-0.12921725	-1.0462235	-0.3401128	-0.5138845	-0.6990279	-0.09181806	-0.1601099	-0.32143068	0.528074
-0.115763575	-0.31064203	-0.24084878	0.0048646326	-0.3040191	-0.07266051	0.001886601	-1.0986521	-0.08288447	-1.0884272	-0.494351	0.44580248	0.04677108	-0.5776167	0.16302778
-0.45564932	1.0513355	0.103866525	-0.7608163	-0.008500227	0.5070806	-0.15380166	-0.76170266	0.16195706	-0.30759558	-1.154931	-0.60522646	-0.8202698	-0.7426075	0.5266078
-0.20090152	1.0058877	-0.114234775	-0.9482161	0.9619075	0.6432242	-0.21782334	-0.3553052	-0.22857095	-0.19234759	-0.813577	-0.61813414	-0.565581	-0.7525586	0.8419106
-0.5532328	1.0101278	0.347062	-0.48334134	0.34051266	0.3672891	0.34781346	-0.36333454	-0.15607268	-0.29999715	-1.2709461	-0.5902218	-1.0740485	-0.8175414	0.81830865
-0.4635174	0.44233558	0.25143278	-0.9184459	0.9404966	-0.14500989	-0.47320566	0.024860617	0.168084	0.010600714	-0.34765312	-0.3384604	-0.6076563	-0.19811386	0.7835206
-0.6288641	0.7183097	-0.1191864	-0.97906244	0.3138108	0.063712604	-0.40505502	0.03830971	-0.12504242	0.728524	-0.18555978	-0.5264301	-0.294503	-0.5937748	-0.12073515
-0.2942462	0.45381737	-0.19033799	0.14846782	-0.24318883	0.4291178	-0.0073894695	-0.40140864	0.48217675	-0.3893667	-0.0265209	0.55207604	0.108047366	-0.16792119	-0.48330832
-0.4553254	-0.19503663	-0.3027765	-0.35993534	0.050326783	0.08516107	-0.5358651	-0.5966045	-0.45604375	-0.6069725	-0.24361463	-0.181702	-0.21304424	-0.62232107	0.21355349
-0.9400987	-0.047214616	-0.28514373	-0.34244177	0.13034514	-0.10051413	-0.4762652	-0.91494584	-0.006525323	-0.7219302	-0.6166885	0.10810181	0.15029629	-0.10945184	0.92544395
-0.37435675	0.50745815	0.64726186	-0.8524028	0.97624254	-0.19411111	-0.8373433	-0.39696005	0.49407122	-0.16487744	-0.8886989	-0.282656	-0.52153915	0.016309265	1.0785526
0.5610397	-0.42418763	-1.0335013	0.8062655	-0.40090233	-0.007189502	-0.04730079	1.2978287	-0.2667534	1.0422713	-0.2789	-0.20586334	0.014812997	-0.23120202	-0.08213154
0.5331595	1.2136815	0.37279776	-0.0136008235	0.56754595	-0.062089637	-0.21215577	-0.27365053	-0.7133484	-0.5556792	-0.8397044	-1.3947179	-1.0305877	-0.54284775	1.046601
-0.48815197	0.56876266	-0.35085794	-0.07697333	0.30033025	-0.1733348	-0.3308425	-0.39928076	-0.6859289	-0.49276125	-0.4354681	-0.12900937	-0.5360518	-0.33484727	0.2453425
-0.421819	0.79189926	-0.040847383	-0.4658149	0.28777456	0.39771006	-0.3362638	-0.6690545	0.044867992	-0.9254248	-0.8240423	-0.27193922	-1.0812076	-0.02830848	0.8534404
-0.062053993	0.54132044	-0.4070006	-0.10646995	-0.21286978	0.07941073	-0.32659307	-0.22616768	0.009372082	-0.16571155	-0.11245484	0.15422861	0.13967319	-0.33065766	-0.39683077
-0.61762965	0.4555887	-0.08401695	-0.41663244	1.0552154	0.38542333	-0.790215	-0.20009065	-0.44930157	-0.08025931	-0.98528373	-0.16822171	-0.6642987	-0.38766527	0.5784902
-0.54011226	1.1415066	0.29447395	-0.04312927	-0.19477504	-0.005939624	0.32581064	-0.2779863	-0.48717463	-0.05620606	-0.105099216	-0.50349224	-0.44126517	-0.41942835	0.13097
0.09479441	0.26965025	-0.3528919	-0.056940105	-0.6337901	0.3182493	0.5464171	-0.0988789	0.3742164	-0.11652348	0.2676555	0.583526	0.4568138	-0.3200698	-0.6128517
-0.5671179	-0.028865695	0.13859692	-0.2540892	0.49789965	0.4030684	-0.33019146	-0.07794363	0.26406866	-0.43549168	-0.41676828	0.1474822	-0.57751155	0.073230736	0.43433988
-0.156299	0.24099433	0.4093595	0.023812475	0.0935752	-0.6535878	0.4795169	-0.45537856	-0.11209755	-0.07528387	-0.10942606	-0.17139278	-0.12926286	0.45446765	0.21796115
-1.2916498	-0.37022418	-0.29764035	-1.0131725	-0.04726615	-0.6581758	-0.75773805	-0.921656	0.37034604	-0.63926685	-0.38615528	0.029821575	0.38151622	0.004561735	0.21242648
-0.6598131	0.6009406	0.08985537	-1.0089092	-0.41384304	0.6866116	-0.8021079	-1.0822326	0.18857795	-0.5579134	-0.60751164	-0.36543956	-0.49992743	-0.36743405	1.1179268
-0.6767683	0.36450255	-0.6844391	-0.27591434	0.23112719	0.04446246	-0.50056034	-0.81154436	-0.40556324	-0.9601408	-0.8048482	-0.38618147	-0.29750347	-0.104092196	0.6996014
-0.16706888	0.8825834	0.1444934	-0.76659745	0.33753514	0.120304555	-0.97552687	0.71460885	0.14211577	1.1576152	-0.30735964	-0.38188183	-0.22031203	-0.46248126	-0.33180785
0.06473602	-0.19960636	0.31473666	0.75841296	0.30430648	0.028959632	0.25081047	0.5148457	0.29710418	0.18352473	-0.06610074	0.10838827	0.21125892	-0.49506864	0.18720537
0.14562272	-0.1680193	-0.42240173	0.6700983	0.5404737	0.036094874	0.4962761	-0.093782924	0.33731657	0.97893965	0.41525558	-0.34225088	-0.24991027	0.84542465	0.004224546
-0.16225111	-0.41343212	-0.1834106	0.4152249	0.5741219	0.054075778	0.16310807	0.2105528	-0.026661608	0.47173837	-0.06092687	-0.03970856	0.34756458	-0.07538554	0.36535284
0.10865887	-0.1614753	-0.35378182	0.35298088	0.85276663	-0.24362226	0.2927093	-0.20566195	0.24816673	0.6107412	0.7025751	-0.2776844	0.008276429	0.43782753	0.4220152
0.46215984	-0.21722369	-0.4706241	0.8927413	0.8674715	-0.5107288	0.20578864	0.0126354005	0.1228566	0.731161	0.58303905	-0.7163717	-0.18799783	0.04336941	0.61755425
-0.039205424	0.0017351956	-0.47922137	0.32275638	0.57172364	-0.3616166	0.10941645	-0.27709028	0.42337394	0.5893757	0.7052947	-0.015709594	0.03413325	0.06724116	0.60880244
0.3235161	0.05793189	-0.59203047	-0.10303976	0.752935	-0.7759307	-0.052487466	0.35919625	0.23144013	0.43518677	0.3151431	-0.37293145	-0.23953468	-0.18677232	0.22959127
0.112393714	-0.26559788	-0.8884328	0.51347876	1.0870978	0.10234711	0.28644335	0.14212878	0.6239809	0.6895218	0.68677497	-0.26681247	-0.0837895	0.44178247	0.37266195
0.18915997	-0.1620606	-0.79558027	0.17486419	0.99707216	-0.48282388	0.19747034	0.12841855	0.117712036	0.66193014	0.007199422	-0.49287552	0.0082126735	0.13791165	0.5427746
-0.95738184	-0.5627513	0.45637617	-0.6319381	0.27530372	0.03903101	-0.19702995	-1.1706624	0.016396305	-0.37149045	-0.20265672	0.5074763	0.29831368	0.29128563	0.25195333
-0.6517312	0.4766211	-0.3300742	-0.2974603	-0.31623405	-0.16405772	-0.31251648	-0.8291539	0.17025615	-0.42722553	-0.2717312	-0.4451119	-0.35365725	-0.28398874	0.11940281
-0.35200578	0.43763286	-0.23011678	-0.68498474	0.57538146	0.6564842	-0.41868252	-0.3259698	-0.32497367	-0.17059724	-0.5569533	-0.11061428	-0.07395742	-0.29413608	0.42090124
-0.23345673	0.7172833	0.31789628	-0.15493146	0.55748475	-0.14071539	-0.5583664	-0.20697924	0.041318964	-0.5588279	-0.6669761	-0.22667184	-0.54805505	-0.718212	0.534651
0.57062143	0.41098192	-0.23036258	0.5270787	0.2949961	-0.16817372	0.051996905	0.16074832	0.08172964	0.36276066	0.3201873	0.19398081	-0.38642818	-0.32253966	-0.22393264
0.13580547	-0.27012998	0.45954323	-1.1299204	-0.29020765	-0.26091176	-1.6784023	-0.5203557	-0.5390432	0.2670958	-1.1226826	-1.2703979	-0.22656095	-0.60015464	1.0580481
0.03844216	0.15492418	0.6541976	-1.0412135	-0.014209068	-0.35114792	-1.1666387	-0.2878431	-0.059078895	0.5908201	-1.1032364	-0.65754956	-0.23561087	-0.54037386	0.48513064
-0.28436375	-0.1660324	0.5228711	-0.89096075	0.2874401	-0.17849047	-1.50058	-0.18106374	-0.29124215	0.22837606	-1.1901093	-0.7195999	0.011377991	-0.23161648	0.38672736
-1.2430018	-0.115251064	0.55714995	-0.46469358	0.15837105	0.8526934	-0.49048495	-1.0354958	0.13653727	-0.68785965	-0.51940465	0.26164842	-0.10496309	0.079070285	1.1412003
-0.8195297	-0.23669691	-0.061272398	-0.53725076	-0.34927702	-0.25410965	0.005033761	-0.42226294	-0.014348178	-0.35898152	-0.40800494	0.27858612	0.62889063	0.4819853	-0.2738626
-0.6959676	0.16295905	-0.16945313	-0.55029225	-0.16604312	0.31740013	-0.58971393	-1.008822	-0.7996863	-0.902872	-0.99702364	-0.17616814	-0.4154601	-0.40624094	0.7398547
-0.30077446	0.548437	0.2697158	-0.97003895	0.33820525	0.58863115	-0.38113534	-0.26565537	0.27661842	-0.3457674	-0.6608056	-0.41068774	-0.615863	-0.5893871	0.66352904
-0.5721535	0.061970294	-0.029482987	-0.7952639	-1.1312625	0.2727825	-0.70781034	-1.1062638	-0.59434074	-0.8628476	-0.87073666	-0.4345529	-0.6792353	-0.8286365	0.63155895
-0.19143759	0.5315109	0.15033421	-0.5223833	0.5517514	0.10807595	-0.21145023	-0.5491052	-0.15916911	-0.52861184	-0.3775927	-0.3683254	-0.5703165	-0.54465044	0.4095251
-0.3195412	0.7531724	0.16900733	-0.7357595	1.0775274	-0.00661035	-0.79375875	-0.5687489	-0.09203882	-0.33668402	-0.6263956	-0.57896227	-0.53550524	-0.16484861	0.55300677
-0.122132264	0.11758624	-0.28946316	-0.14365715	0.08837675	-0.33462113	-0.5392687	-0.25481716	0.52949595	-0.30598494	-0.19438986	-0.0817848	-0.13587366	-0.47199634	0.097772405
-1.0016415	-0.55966187	-0.038097814	-0.5112293	0.3182659	0.2601285	-0.63886344	-0.8848568	-0.2728847	-0.6208935	-0.43356037	0.34286913	0.4785423	-0.0046738246	0.33499074
-0.69615144	-0.5339203	-0.6629907	-0.32801813	0.32474768	-0.8251883	0.056395765	-0.5796955	-0.11660486	0.011991312	-0.1650021	0.412338	0.3064079	0.33140168	0.26760107
-0.7748659	-0.81885624	0.5521678	-0.33954614	-0.13823418	-0.031691253	-0.43418643	-0.69968337	0.1579071	-0.61038095	-0.3540243	0.6542576	0.6975207	-0.05438397	0.28904933
-0.32095864	-0.42069685	0.5194939	-0.45103648	-0.024133867	-0.16719483	0.18148917	-0.39767686	-0.5726701	0.18651703	-0.38591287	0.17985372	0.50709033	-0.00034460393	0.0020872895
-0.0903019	0.1065246	0.58084375	-0.15362474	-0.016915629	-0.00052398595	-0.2899072	-0.5077503	0.073392466	-0.11421424	0.1253429	0.107734226	0.06557199	-0.17461014	0.35220045
-0.6058421	-0.03955951	0.08420683	-0.7151483	-0.34236103	0.20559187	-0.6971631	-0.11527089	-0.03208307	-0.0539539	-0.57256234	-0.15533003	0.15575318	0.20868947	0.115381375
-0.28770846	0.672016	-0.17888951	-0.53642446	-0.54114527	0.6111114	-0.10028442	-0.79804236	-0.47684452	-1.2058154	-0.8529945	-0.50508916	-0.97451484	-0.08590341	0.75927556
-0.7544047	-0.564599	0.606554	-0.5689553	-0.021362957	0.46569636	-0.26791716	-1.3270348	0.667581	-0.83486533	-0.5572657	0.40899915	-0.1907389	-0.11008219	1.2532742
-0.2399421	0.24538365	0.04867775	-1.4907396	-1.0813004	0.17480914	-0.78176254	-0.96420354	-0.94016135	-0.18118298	-0.99080944	-0.8393248	-0.78854495	-0.9283864	1.6525869
-0.34800503	0.7042379	0.15085873	-0.7166688	0.94535804	0.21370964	-0.3398254	-0.39416054	-0.6023057	-0.6029087	-0.87917393	-0.7880458	-0.35584295	0.41091198	1.5120364
-0.14495844	0.5398639	0.9585955	-0.85090053	0.8714356	-0.33370495	-1.0905449	0.023671877	0.20060124	0.5318435	-0.61857575	-0.59687275	-0.55557805	-0.09040675	0.9700821
-0.46657625	0.71081597	0.6056257	-0.49460125	0.71583843	-0.41118282	-0.67326427	0.29683936	-0.04648276	0.55165017	-0.407883	-0.4463708	0.14241242	-0.14103948	0.24976352
-0.6615671	-0.08148551	0.0027867884	-0.6948932	-0.09165912	0.4035452	-0.33128217	-0.76321363	-0.0065398403	-0.65407103	-0.27683064	-0.26258913	0.3095667	-0.27980873	0.3152757
-0.39049342	0.62000376	0.7833946	-0.2815784	0.27627784	0.50975907	-0.48548666	-0.5132896	-0.20015354	-0.794537	-0.67608607	-0.508293	-0.81042683	-0.020791804	1.4813601
-0.68519676	0.07121503	0.19067657	-1.4248421	-0.35933074	0.7274166	-0.6921437	-1.1154205	-0.22167633	-0.68976456	-0.4363013	-0.24899858	-0.111171015	-0.4262999	1.0692003
-0.48401085	1.3849676	0.46768653	-0.6891649	0.7513118	-0.093918376	-0.5568794	-0.8030852	-0.008891395	-0.5270198	-0.71316886	-0.62789124	-1.1933352	0.00045161298	0.35434374
-0.92077893	-0.37457788	0.09854301	-0.57533413	0.5271785	-0.12080046	-0.8689774	-0.21471721	0.26771396	0.4606955	-0.13964394	-0.021257788	0.31062046	-0.28591448	0.20288661
-0.19019575	0.4631385	-0.29963878	0.2115386	-0.04550925	-0.8680907	0.3728395	-0.1533829	-0.3078181	-0.08774213	-0.114015065	-0.33713672	-0.7845059	-0.018006656	0.30354345
0.67881936	0.3323602	-0.31235328	0.13151257	0.53690183	-0.54668164	-0.32219464	-0.79349154	0.4374937	-0.4197142	-0.66202056	-0.766198	-1.0152841	-0.41054153	0.94220054
-0.37851232	0.33082718	-0.265357	-0.318829	-0.2917518	-0.3054509	-0.35328603	-1.0524671	-0.45593232	-0.47250256	-0.9679277	-0.4089749	-1.066358	-1.0683045	0.7948618
-0.17626959	0.47878	0.17244932	0.36451122	0.31189048	-0.6851986	-0.059255905	-0.51059586	-0.22258484	-0.41341233	-0.3830629	0.03444711	-0.29858145	0.11888497	0.20519806
0.018178781	0.7869375	0.079406545	-0.820963	0.29547542	-0.4526683	-0.27805716	-0.13841493	-0.5896848	-0.12442449	-0.6762177	-0.6803542	-0.8687338	-1.3407533	0.44639337
-0.5386638	-0.44377074	0.7777882	-0.32776204	0.08991292	-0.50493884	-0.5916072	-0.9779549	0.7563935	-0.65184754	0.2632784	0.7928249	0.39524597	0.3114391	0.22786829
0.2305514	0.32248563	-0.70943844	0.72071826	0.033127915	0.048393037	0.22207826	0.552453	0.22897935	0.51848817	-0.16536945	0.18482718	-0.36814854	-0.59799504	-0.3484026
0.3187439	-0.05171982	-0.088657886	0.62885845	0.3503388	-0.108843386	-0.0049314336	0.16694	0.15132865	0.2535803	0.26037222	-0.28883153	0.20309393	-0.15862983	-0.204018
-1.2613177	-0.8251088	0.7705326	-0.9091836	0.32383844	0.04468459	-0.46869114	-0.48849696	0.31279945	-0.276284	-0.18237598	0.39237356	0.20532951	0.12233372	0.9277695
-0.80670315	0.09680694	-0.19122022	-0.67007774	0.37871018	0.2049279	-0.27103233	-0.35040152	-0.06846176	0.24258956	0.06732098	-0.029690636	0.7171722	0.19263399	0.17166865
-0.63270193	-0.49914798	-0.27414	-0.39840853	-0.53456634	-0.35770392	-0.101054706	-0.7020839	-0.5127311	-0.68807286	-0.529296	-0.18154839	0.50385034	0.5129684	0.8129817
0.0023694504	-0.7220823	-0.31502655	-0.07414854	0.17649652	0.0309969	-0.25282985	-0.61751103	0.35460845	-0.020025026	0.32635936	0.60867184	0.4804839	0.38755485	-0.15515201
-0.24859072	1.0669775	0.25331745	-0.7719897	0.7452449	0.1190934	-0.7129109	-0.20868258	-0.65871775	0.46108225	-1.0191237	-0.6198962	-0.7821261	0.06919854	0.65528655
-0.38302198	0.31856534	0.7881859	-0.99986684	0.40749586	-0.28972033	-0.7074715	-0.46283028	-1.1072491	-0.12783311	-0.7473594	-1.2371815	-0.2905957	-0.23172776	1.587344
-0.33050594	0.52647644	0.21375811	-0.00898032	0.54815406	-0.9287671	-0.34000987	0.16438265	-0.36386618	0.068262644	-0.2746835	-0.15309492	-0.36340383	-0.52532446	-0.007119734
0.09760409	1.3982557	-0.031860035	0.22720277	0.49778858	0.005432602	0.3119553	-0.019376265	-0.111146554	-0.5313435	-0.59910476	-0.35355595	-0.86062425	0.046691276	0.8480146
-0.19102983	0.991392	0.02238572	-0.10011502	0.76806796	-0.1331941	-0.31912705	-0.38194937	0.6070818	-0.05769938	-0.37094188	-0.26421455	-0.14623097	-0.59835917	0.8270471
-0.6506014	-0.2202972	-0.106263116	-0.017449588	0.18620478	-0.33333662	-0.06774595	-0.6038664	-0.6928327	-0.33898753	-0.2177651	0.21022418	0.17951646	0.36543268	0.45714468
0.23588443	0.46413815	-0.8270784	-0.05347562	0.49872014	0.12030658	0.05164436	0.8600307	0.26273394	0.95036906	0.37602448	-0.17298564	-0.09819158	-0.18708517	0.012863591
0.34736285	-0.56870735	0.11839278	0.33333102	0.9521593	-0.8801145	-0.4912022	0.07734113	0.069640815	0.091496035	-0.083084434	-0.22028986	0.25401476	-0.40332365	1.1054904
0.09171498	-0.21875271	-0.22017492	0.38527605	0.4327543	-0.56810886	-0.18446164	0.6692173	0.44970304	0.84082174	0.37013003	0.10227515	0.5225597	-0.26299864	0.5767494
0.35314822	0.067719445	-0.38409665	0.46053833	-0.41510057	-0.6133898	0.110322066	-0.017986672	0.16319944	0.27122077	0.3619326	0.1890763	-0.0057865265	0.08967698	0.123493925
0.036953785	-0.057694823	-0.44065595	0.1761248	0.36542314	0.27997664	-0.025116324	0.015772833	0.6638065	1.111018	0.4784111	0.26727173	0.34424004	-0.07236054	-0.30913478
-0.3669433	0.75010264	0.5880162	-0.4174246	0.6144656	0.404685	-0.39435095	-0.8087665	-0.22344904	-0.3329736	-0.6725829	-0.65771705	-0.6278084	-0.43550742	0.9841494
0.03172813	0.50106037	-0.58896416	0.37958813	0.5169975	0.29654285	-0.131964	0.72530895	0.6690528	1.1280318	0.45886287	0.039715085	0.45566854	-0.15575932	0.05661448
-0.61798745	0.9033145	1.1148622	-0.81431097	0.75044554	0.5893667	-0.122734204	-0.6115159	0.10528699	-0.13838866	-0.8879977	-0.574088	-0.7796854	-0.4645704	1.1975094
-0.052286774	0.21709795	-0.44495687	0.34452173	-0.24618767	-0.41271895	0.06190478	-0.20954494	-0.0049509164	-0.37863106	-0.17033039	-0.064687245	0.22368485	-0.3392809	0.20995396
-0.49294826	0.40930048	-0.04739625	-0.33125958	0.52728134	0.4552082	-0.4913387	-1.007774	-0.3311631	-0.95433253	-0.67000693	-0.13244645	-0.41261378	0.24237435	0.5866207
-0.6133111	0.20131241	-0.1407814	-0.73580986	0.010958553	0.088016436	-0.5307763	-0.5650745	-0.70414466	-0.46217734	-0.45487565	-0.7293001	-0.7141168	-0.72486943	0.48168513
-0.15068051	0.006356612	-0.6174134	-0.33644155	-0.21249337	-0.5138951	-0.10983845	-0.5901819	-0.048185367	-0.5860298	-0.82164514	-0.2289795	-0.17309162	0.54275274	0.13237464
0.008589927	0.721992	0.47007468	-0.2144589	0.7929862	-0.46715754	-0.007951964	0.28124252	-0.35930693	-0.09336393	-0.35280964	-0.048983816	-0.074631356	-0.6656051	0.84130496
-0.38385382	0.515605	0.2206066	-0.7227309	-0.0020276355	-0.12328339	-0.3873429	-0.34450138	-0.1051241	-0.18695728	-0.29882845	-0.694439	0.14862102	-0.041955713	0.1674184
-0.8550202	0.8720525	0.7331238	-0.8019434	-0.063909434	-0.33382037	-0.34001556	-0.53738153	-0.03345384	0.35879406	-0.66984284	-0.30772355	-0.5734485	-0.13528675	-0.06369906
-0.6648085	1.338968	0.6753423	-1.064151	1.2869487	-0.35134903	-0.83991325	-0.42736706	0.6731904	-0.43793616	-0.6342814	0.033088356	-0.812101	0.6495103	1.8406318
0.45556775	0.014378352	-0.074303985	0.2637807	-0.15710567	0.10037769	0.22092643	-0.4735505	0.5667736	0.25404242	0.57040495	0.44134194	0.2992211	0.34873593	-0.5240685
-0.916109	0.0777021	-0.6288398	-0.63378793	0.078523144	0.3246803	-0.6753515	-0.9486676	-0.28680897	-0.05428131	-0.4101942	-0.25300887	0.04282971	0.028611686	0.7049398
-0.7023371	-0.03197998	-0.5037924	-0.50217277	0.2539231	-0.1470396	-0.55520517	-0.51380557	0.023997212	-0.40523174	-0.3219337	0.001039966	0.15957665	-0.058782145	0.9368462
-0.8101909	0.46960917	-0.15915786	-0.39343384	-0.056807168	0.20959392	-0.71980447	-0.38156208	0.33118418	0.023920257	0.22830859	0.27451757	-0.14475095	0.1914491	-0.21299042
-0.51479244	0.9881838	0.18708704	-0.9879275	0.7181418	-0.032980673	-1.0554184	0.26977316	-0.22964863	0.50880426	-0.54740644	-0.61253667	-0.20401947	-0.29451236	0.32697526
-0.70214677	0.34537125	0.3075519	-0.93637335	0.04509956	-0.07321047	-0.70538837	-0.68162924	0.35043612	-0.4579512	-0.7575964	0.050712124	-0.45886523	-0.092036895	0.5190935
0.25155103	0.2504214	-0.60133463	0.49171168	0.8915537	-0.052425317	0.6554043	0.4842378	0.6419949	0.69914687	0.5554383	-0.14488173	0.36954916	0.6455575	0.16456844
0.24649662	0.40827283	-0.069620565	-0.47325245	1.3668984	-0.3303137	-0.8842767	-0.2684974	0.22999181	-0.033161815	-1.00302	-0.31895342	-0.7153038	-0.37130046	1.1475677
-0.46758524	0.343719	-0.76623255	-0.23492798	0.65766674	1.2656535	-0.9467447	-0.72546643	0.118123256	-0.66961133	-0.95709825	-0.49650297	-0.80463034	0.21512313	1.3909329
-0.14511454	0.5266177	0.19534914	-1.6660589	-0.67224264	0.5852927	-0.64849895	-1.3983804	-1.464228	-0.40231493	-1.1510612	-1.1240798	-0.58471996	-0.6813952	2.3133502
0.62396383	0.4386428	-0.91259974	0.5048183	0.8936214	-0.3324633	-0.094885066	0.122534044	0.581411	0.43503964	0.0083896825	-0.69723105	-0.69669056	-0.20324665	0.49347827
-0.6190178	-0.4357807	-0.49411213	-0.5116542	-0.3338172	0.4747656	-0.5880562	-0.65074456	-0.22252566	-0.45885932	-0.33004686	0.32952273	0.4351781	0.2792693	0.06393493
-0.8242312	-0.05111955	-0.48098075	-1.0066439	0.20655702	0.30745208	-1.2974752	-0.9134471	-0.18407288	-0.57951546	-0.76968026	0.18373509	0.2263777	-0.33033192	0.7621779
0.026011176	0.05425627	1.235629	-0.9141768	0.5199206	-0.48353916	-1.0733962	-0.044167522	-0.44503647	0.2556146	-0.37691608	-0.5807849	-0.58067715	-0.73706555	0.8275247
-0.32492852	0.75100774	0.19434786	-0.6124372	-0.098428465	0.37515032	0.06822648	-0.9052235	-0.4215064	-0.60088694	-0.85077494	-0.4674656	-0.99727744	-0.7874387	0.86378986
0.080832	0.9184991	-0.35641167	-0.35554793	0.92214227	0.2999309	-0.8286499	-0.8349427	0.39762935	-0.34694785	-0.91612464	-0.6765553	-0.86357117	-0.37597108	0.5635599
-0.17787592	0.6467584	0.13711219	-0.17426601	0.2574591	-0.2872751	-0.5505091	0.06777169	0.013410001	0.1926881	-0.12916246	-0.28270814	-0.21500015	-0.0456002	0.10716961
-0.6946637	-0.3581314	0.22211815	-0.22508153	0.31856138	-0.09726171	-0.7178896	-0.94970036	0.23424406	-0.23882382	-0.45239294	0.44304985	0.32163098	0.047677524	0.38076502
-0.5252197	-0.24809203	-0.2763019	-0.19913408	0.0061666206	-0.5328901	-0.21794707	-0.6733003	-0.55682164	0.004046132	0.21788211	0.5549162	0.68187696	0.3085244	-0.6873745
-0.90396255	0.20724039	0.21941607	-0.7926533	0.784457	0.33352777	-0.7987179	-0.4221283	0.3221456	-0.23294856	-0.80325305	-0.24066737	-0.1973608	0.13838008	0.7041926
-0.58700156	0.25366318	-0.13189036	-0.5255916	0.46315858	0.04851142	-0.8233565	-0.18764605	-0.36628285	0.057446633	-0.3064444	-0.521783	-0.054843448	0.55260366	0.58714026
-0.64892143	0.8026562	0.60196364	0.012791905	0.62096924	0.121447414	0.14885269	-0.36529523	-0.89147216	-0.66873205	-0.4809208	-0.27922687	-0.04317286	0.08870613	0.88515174
-0.59733856	0.67347693	-0.31697533	-0.7221138	0.046222325	-0.28116533	-0.7888728	-0.8503301	0.19155222	-0.43937394	-0.64538735	-0.7776595	-0.8416737	-0.6065633	1.2336453
0.3183526	0.24123092	0.0029518518	-1.0375123	-1.2035159	0.2921017	-0.3392668	-0.8481869	-1.8226054	-0.60951704	-1.3475718	-1.8140842	-1.169874	-0.4879028	2.3908372
-0.42582545	-0.066885166	-0.5913118	0.0016816113	-0.27035618	-0.16726245	-0.394241	-0.6427278	-0.13048889	-0.22139779	-0.088043064	0.63919556	0.3415009	0.59481144	-0.4092573
-0.3225412	0.40053484	-0.16722476	-0.040741455	0.44329968	-0.16144046	-0.058483947	-0.019214028	0.4118621	-0.73024	-0.44030967	-0.2162885	0.008913025	0.05967404	0.7522379
-0.36758503	0.7917115	-0.04409845	-0.15113533	0.62033045	0.30414605	-0.09212214	-0.48642048	-0.798587	-0.36288857	-0.7789857	-0.81532323	-0.8574028	-0.29747042	0.7342824
-0.51670045	-0.56260306	-0.64348125	-0.4952877	-0.37114477	-0.33344698	-0.33480382	-0.95689934	-0.11267316	-0.8653741	-0.05270819	0.17848556	0.40671712	0.11974879	0.6863428
-0.066808246	0.96439236	0.13917962	-0.3637249	0.77604383	-0.647398	-0.61421937	-0.030101594	0.12513073	-0.097791664	-0.797598	-0.38415307	-0.66389495	-0.060512155	0.77153623
-0.666688	0.21540035	-0.24916276	-0.35675472	0.93252784	-0.21838632	-0.61185086	0.059786014	-0.4860943	-0.19734178	-0.5879761	-0.4410597	-0.38691032	-0.30653912	0.49844137
-0.22351563	1.1952182	0.3204758	-0.5627065	0.8870195	-0.43934175	-0.47726956	0.102436885	-0.028172614	0.012646959	-0.45875064	-0.58682245	-0.36032274	0.04807881	0.5315967
-0.4939854	0.43895692	0.2379427	-0.4191465	0.28415427	0.40700433	-0.57449114	-0.8214238	0.16368164	-1.0433093	-0.45354077	0.13494991	-0.12882312	-0.2979798	0.8956696
-0.8379054	-0.30064237	0.2674943	-0.06585566	0.0882604	-0.2980832	-0.29150134	-0.38551092	-0.6792712	-0.4286838	-0.590287	0.45443767	0.094685666	-0.10672844	-0.1822535
0.4096752	-1.2320813	-0.1347888	0.12785761	0.36853877	-0.790804	-0.29661116	-0.171872	-0.20538868	0.33885008	-0.4348167	-0.7622108	-0.04824516	-0.1827718	0.44288814
-0.60300744	-0.31472704	0.5542899	-0.6166963	0.3443371	0.48765635	-0.5147663	-0.5452724	0.60138786	-0.46543828	-0.4043786	0.17782876	0.98081994	0.4743885	0.974374
